time,Amp_x02,Amp_x04,Amp_x06,E_energy,E_peak,Ey_slab,Ey_source,Ey_x01,Ey_x02,Ey_x03,Ey_x05,Ey_x06,Ey_x07
0,0,0,0,0,0,0,0,0,0,0,0,0,0
1e-11,0,5.336607584554e-121,1.3268244523745e-71,3.0084368232492e-12,9.8735271270094e-09,-3.7735514115008e-121,9.6814148818926e-09,8.0928149045836e-198,-2.2090915590087e-167,9.177759986837e-139,-4.341867956439e-103,9.3820665633999e-72,-3.4118823283686e-41
2e-11,0,2.0046886828893e-118,9.668886903429e-70,7.5090252598785e-12,1.9420416232145e-08,-1.4175289619078e-118,1.836440813914e-08,-3.5735697183957e-196,5.3385621472867e-166,9.0261697757066e-137,2.6987937376072e-100,6.8369302142536e-70,4.5385286133228e-40
3e-11,0,9.4378536384014e-117,4.138068984476e-68,1.4244409626419e-11,3.0353907869671e-08,6.6735703108756e-117,2.703343248155e-08,2.1219847493644e-194,-6.3032884416736e-165,-9.571928309439e-135,-3.798918162031e-99,-2.9260403144277e-68,-2.4755310911864e-39
4e-11,0,4.9104761169926e-115,1.5731071383167e-66,2.1640907524882e-11,3.9948454994758e-08,-3.4722309719812e-115,3.1622702748822e-08,-6.2121327330901e-193,1.375584189494e-163,5.9854139648002e-133,3.5706831969936e-97,1.1123209241416e-66,4.2620133815761e-38
5e-11,3.1434555694053e-162,2.3483082630518e-113,3.4539165045174e-65,2.9315277973588e-11,5.1496545014446e-08,1.6605047234874e-113,3.3826940732154e-08,1.9367339671275e-191,-1.7366034112178e-162,-3.228732492823e-131,-1.2708780938827e-95,-2.4417695268932e-65,-1.4596714827972e-35
6e-11,1.2949358292924e-160,9.9675206408601e-112,6.1634943310623e-64,3.6996683149508e-11,6.7869153249305e-08,-7.0481019443008e-112,3.4822999654198e-08,-8.3303384252248e-190,9.1557561982008e-161,1.5536894837886e-129,4.9310330614232e-94,4.3520370226319e-64,9.9141309241917e-34
7e-11,4.0923059156409e-159,3.2710972146629e-110,6.1481159201419e-63,4.3256817914135e-11,8.8995963582095e-08,2.3130158266928e-110,3.1050059973822e-08,4.9474533012513e-189,-2.8936973171004e-159,-6.2175552244836e-128,-1.1388774159878e-92,-4.2863447812593e-63,-4.4396052882678e-32
8e-11,3.9232234890465e-157,1.0696474175138e-108,6.5620308181683e-62,4.6152965410233e-11,1.1610896986895e-07,-7.5635602047993e-109,1.9276427418382e-08,-1.0682035285281e-186,2.7741379298298e-157,2.206302832167e-126,4.5446741074614e-91,-5.1085816468385e-62,1.5228389461752e-30
9e-11,7.1752371709148e-155,6.5377393222847e-107,9.4159694950005e-61,4.306080597268e-11,1.5129618136733e-07,4.6228922709308e-107,-3.3065197702902e-09,1.6072643826446e-184,-5.073658854673e-155,-9.9461387257298e-125,-4.4524771846213e-89,-2.2461703731315e-61,-4.2136263759229e-29
1e-10,2.4838538214066e-153,3.0328860716506e-105,1.9968865680488e-58,3.0443902971548e-11,1.9676126402732e-07,-2.1445869301501e-105,-4.0406489779289e-08,-7.0276341278187e-183,1.7563498727898e-153,4.8875867222169e-123,1.3285362218361e-87,-1.6047021835384e-58,9.6537348026552e-28
1.1e-10,2.8928212555924e-151,1.0296862038849e-103,9.2377497534314e-57,3.2227817578369e-12,2.5538683179825e-07,7.2810944072111e-104,-9.8304060579357e-08,2.4875065735412e-181,2.04553353647e-151,-2.0340862513481e-121,-3.4364742007377e-86,7.538952331335e-57,-1.835176134306e-26
1.2e-10,7.0982773603442e-150,2.3235220941636e-102,3.3265537367703e-55,-4.45566551461e-11,3.3071256147075e-07,-1.6430695390112e-102,-1.8195128310749e-07,-1.5162158794121e-179,-5.0192401688527e-150,6.4959780272959e-120,2.3084210086247e-85,-2.809520040771e-55,2.9197360146252e-25
1.3e-10,8.5884279291899e-148,4.7666539710003e-101,5.9384747242286e-54,-1.2032621993612e-10,4.2727555040577e-07,3.3711965659808e-101,-2.9730474799108e-07,-2.9913878223357e-177,6.0729357448207e-148,-1.6884860256362e-118,-1.0054881904532e-83,5.7525559719437e-54,-3.9088919923078e-24
1.4e-10,2.6655097482427e-146,2.1908587529361e-100,2.8018982443317e-52,-2.3246989854904e-10,5.5059112677706e-07,-1.5535397181847e-100,-4.496063046654e-07,-1.3287365522112e-176,-1.8848001279676e-146,3.3169794515984e-117,-6.9377045160805e-82,-2.6107435374833e-52,4.4806418395848e-23
1.5e-10,6.5341926093544e-145,3.4654554292901e-98,8.1899824172233e-51,-3.9039735160264e-10,7.0850112957165e-07,-2.4478105370983e-98,-6.4389657598883e-07,1.3716774097651e-174,4.6203728528252e-145,-2.2235548393987e-116,2.7722832420964e-80,7.8090945648036e-51,-4.5142102124697e-22
1.6e-10,1.4248746628376e-143,1.7503091599517e-96,2.2477264135336e-49,-6.030938569513e-10,9.0911420674781e-07,1.2361981083741e-96,-8.8063754488801e-07,-4.7998364522702e-173,-1.0075392946677e-143,-1.6843714219031e-114,-7.7428848393758e-79,-2.1767624168886e-49,4.1621554625503e-21
1.7e-10,2.9438784489677e-142,5.4596252081766e-95,5.8021315651586e-48,-8.7881856276134e-10,1.1642447835741e-06,-3.8531105563798e-95,-1.1576331680566e-06,1.2208088857989e-171,2.0816420345321e-142,9.6668193101862e-113,1.7659566184192e-77,5.6689043728275e-48,-3.5832450835088e-20
1.8e-10,6.1201383735576e-141,1.3492594424282e-93,1.3994883782735e-46,-1.2226735445477e-09,1.4874056399261e-06,9.5056773824746e-94,-1.4647851030295e-06,-2.4442669422445e-170,-4.3276301016171e-141,-3.28299415031e-111,-3.4545098532719e-76,-1.3732742025957e-46,2.7474373034062e-19
1.9e-10,1.3772936378437e-139,2.8516707232184e-92,3.1221414499039e-45,-1.6349177756816e-09,1.8966000295854e-06,-2.0010933778241e-92,-1.7836376316153e-06,3.8214717145852e-169,9.7391862933046e-140,8.71991175794e-110,5.8816202947549e-75,3.0696435273171e-45,-1.6310918529739e-18
2e-10,3.102027559176e-138,5.2941520053915e-91,6.3895991840333e-44,-2.1071396702785e-09,2.4122537258648e-06,3.6808851386001e-91,-2.0813087095542e-06,-3.8141732083641e-168,-2.1936149262158e-138,-1.963549389341e-108,-8.4431116833677e-74,-6.2878714792441e-44,5.2190672288035e-18
2.1e-10,6.6420918093495e-137,8.6348217258638e-90,1.1953397088537e-42,-2.6193388728822e-09,3.0619027532079e-06,-5.8657601069111e-90,-2.3108217840779e-06,-1.8530027549981e-167,4.6975168360874e-137,3.8676844776381e-107,8.9107143941037e-73,1.1768735621484e-42,1.3335301967196e-17
2.2e-10,1.2633447431889e-135,1.198959184455e-88,2.0391835836483e-41,-3.1343544114577e-09,3.8775264659089e-06,7.6033485903448e-89,-2.4035103295285e-06,2.3480432523942e-165,-8.9377052557549e-136,-6.6880864131987e-106,-1.2059172378353e-72,-2.008291136745e-41,-2.177693649162e-16
2.3e-10,1.7870763431365e-134,1.2784506269719e-87,3.1664442873908e-40,-3.5935285152724e-09,4.8998499359384e-06,-5.8462134895608e-88,-2.2693168814809e-06,-8.1281058028184e-164,1.2659107392012e-134,9.8511136796676e-105,-2.9584334794348e-70,3.119272738821e-40,5.0385086214808e-16
2.4e-10,2.1932580480209e-133,1.2276835826908e-86,4.4789019240837e-39,-3.9102161043598e-09,6.1776257402791e-06,-7.234730527525e-87,-1.7912243969853e-06,4.9257402538027e-162,-1.5615110291933e-133,-1.0882575669662e-103,1.1571467227946e-68,-4.4117250858687e-39,3.9348211860787e-15
2.5e-10,2.9053247811041e-132,4.9860364600502e-85,5.7154700707433e-38,-3.9651665494014e-09,7.7716671396205e-06,4.9860158718126e-85,-8.2834314792978e-07,-5.6949226191475e-161,-2.0060532928352e-132,2.7184158689442e-103,-3.2954777201841e-67,5.6320673494837e-38,-1.761341001334e-14
2.6e-10,3.2555839011534e-130,1.6560786059174e-83,6.5874071664317e-37,-3.600578015583e-09,9.7551908751435e-06,-1.6347698133425e-83,7.8663042634323e-07,3.7172281690831e-160,2.2817109688645e-130,3.2116665168929e-101,8.391215131053e-66,-6.4933292065893e-37,-7.1883522055223e-14
2.7e-10,1.3707171123248e-128,4.485394820289e-82,6.8114530511507e-36,-2.6179382236059e-09,1.2217798671369e-05,4.4003909108846e-82,3.2375175039485e-06,-1.0014935777513e-155,-9.6106829563255e-129,-1.3420602167726e-99,-1.98131359082e-64,6.7167527379202e-36,3.2401143665624e-13
2.8e-10,3.9900179187949e-127,1.0955288230987e-80,6.2757847091726e-35,-7.7653297084303e-10,1.5268263127275e-05,-1.073873887556e-80,6.7182984280763e-06,-1.9592728980465e-151,2.7901096807604e-127,3.9416889738681e-98,4.4092152053291e-63,-6.1910989460733e-35,1.6582065111206e-12
2.9e-10,6.2201926602783e-126,2.4738838463077e-79,5.1099145283142e-34,2.2017885189483e-09,1.9037795624628e-05,2.4290924150952e-79,1.1412738723633e-05,8.8803002840297e-146,-4.2839922271597e-126,-1.0036559795672e-96,-8.9622645318373e-62,5.0426262281824e-34,-2.4527846050131e-12
3e-10,1.831543596322e-124,5.2455083565958e-78,3.6229686571366e-33,6.6239919586834e-09,2.3685765914143e-05,-5.1617476489597e-78,1.7474940452692e-05,-1.3997171665356e-143,1.2554692628976e-124,2.3424772665778e-95,1.7736803355583e-60,-3.5776713272029e-33,-3.2163866574615e-11
3.1e-10,3.8849646509815e-123,1.0554249335337e-76,2.2217400247112e-32,1.2807076350875e-08,2.9402745007704e-05,1.0399978796268e-76,2.4992390351609e-05,1.1984943598533e-138,-2.6154604804112e-123,-5.1198246159266e-94,-3.2939848432658e-59,2.1953064020927e-32,-6.5147033065569e-11
3.2e-10,7.3620647587047e-122,2.0186318917797e-75,1.1814110813497e-31,2.1051808523918e-08,3.6419217060593e-05,-1.9900371520277e-75,3.394942428031e-05,-5.5116183031624e-135,4.7858834431109e-122,1.0586457437867e-92,5.7638773885001e-58,-1.168140520729e-31,1.89121647152e-10
3.3e-10,1.1960670659727e-120,3.6596438159691e-74,5.7913214161202e-31,3.1602461505159e-08,4.5009405586529e-05,3.6075812320183e-74,4.4172827404858e-05,1.2520844526283e-130,-7.1580726399985e-121,-2.0797664125812e-91,-9.4722219739891e-57,5.7280389317593e-31,1.6081479777182e-09
3.4e-10,1.6316737158637e-119,6.2718407751013e-73,3.1038871160572e-30,4.4595473369661e-08,5.5503193501844e-05,-6.1810790999788e-73,5.5278177016783e-05,-3.6060326315141e-126,7.5308550044706e-120,3.8843260152812e-90,1.4607345088827e-55,-3.0680661460305e-30,5.5391068256143e-09
3.5e-10,1.8998468474586e-118,1.0144593186696e-71,2.0465776511653e-29,5.9991694497731e-08,6.8291154158005e-05,9.9952282250594e-72,6.6601693526048e-05,2.6243350328847e-122,1.7157156429082e-121,-6.8898849921945e-89,-2.1121106465905e-54,2.0210177110942e-29,1.2643633195191e-08
3.6e-10,3.5887070070113e-117,1.5472595717791e-70,1.366953952541e-28,7.7496964709612e-08,8.3839988573474e-05,-1.52419887626e-70,7.7140037778528e-05,-1.8570564471115e-118,-2.9793257514759e-117,1.1591924306468e-87,2.8609009052226e-53,-1.3500576866576e-28,2.1250637492659e-08
3.7e-10,1.1424380136155e-115,2.223833485185e-69,6.7118306949286e-28,9.6467786023059e-08,0.00010270043079765,2.1904982751419e-69,8.5484582516503e-05,7.9254048863968e-114,1.1370810524437e-115,-1.8481438773214e-86,-3.626192577905e-52,6.6401841298835e-28,2.7303670233875e-08
3.8e-10,3.19628164682e-114,3.0101430308907e-68,1.0976892817703e-27,1.1581037867503e-07,0.00012552574206884,-2.965031811095e-68,8.9776656123729e-05,-1.0940066380776e-109,-3.1901527781323e-114,2.7905513610127e-85,4.2945541173498e-51,-1.0950071475611e-27,2.7196403971498e-08
3.9e-10,7.8896693135158e-113,3.8341877439602e-67,1.4319534365786e-26,1.338745420764e-07,0.00015308365566622,3.7770418703791e-67,8.7675976150781e-05,3.456995316466e-105,7.8311564897899e-113,-3.9884778610847e-84,-4.7426828308232e-50,-1.4046109030956e-26,2.1031011039919e-08
4e-10,1.7912475539284e-111,4.5911423520013e-66,1.3261375139744e-25,1.4835575306894e-07,0.00018627833408091,-4.5233768240009e-66,7.6372402185476e-05,-5.0516899409077e-101,-1.7722499225711e-111,5.3937287568973e-83,4.8710750953708e-49,1.3090532535069e-25,1.1825730940768e-08
4.1e-10,3.8251928454646e-110,5.1609595030915e-65,3.693848620432e-25,1.5621278760827e-07,0.00022616795969022,5.0857836300115e-65,5.2635735712843e-05,9.6837891102241e-97,3.7792268305682e-110,-6.897375075743e-82,-4.6360971101125e-48,-3.6705912909337e-25,5.4089544465406e-10
4.2e-10,7.7671239969009e-109,5.4364858092887e-64,1.7693315898522e-24,1.5362039101534e-07,0.0002739909119092,-5.3585577176723e-64,1.2936725249669e-05,-1.7331571622722e-92,-7.6695347101144e-109,8.3342635573594e-81,4.0693132399663e-47,-1.7268747619983e-24,-1.7034886161781e-08
4.3e-10,1.5072231370319e-107,5.3537313692502e-63,1.7596938442807e-23,1.3597005329817e-07,0.00033119009068363,5.2783936550645e-63,-4.6364418389848e-05,4.505800907262e-87,1.4879930861425e-107,-9.50635292856e-80,-3.2724571526731e-46,1.7373584777035e-23,-4.7206555283783e-08
4.4e-10,2.8076110073716e-106,4.9136243379557e-62,2.3232151986046e-23,9.7944413237013e-08,0.00039944262000475,-4.8458989778281e-62,-0.00012873138602776,-1.8978720398848e-82,-2.7708752292586e-106,1.0222749114566e-78,2.3890727510077e-45,-2.3222668562889e-23,-9.3482208531274e-08
4.5e-10,4.8914376990491e-105,4.1858879822387e-61,3.486622492195e-22,3.3684243414733e-08,0.00048069245793591,4.1295173339872e-61,-0.00023707484190314,-5.7824608572972e-78,4.8395476363503e-105,-1.0346944560487e-77,-1.5615552848406e-44,-3.4232018031805e-22,-1.5681259288069e-07
4.6e-10,1.3977219865798e-103,3.2920054387207e-60,1.4651344710654e-21,-6.2925401266102e-08,0.00057718626635761,-3.2488229180857e-60,-0.0003732640419933,-2.3553723914892e-74,5.7070901181817e-104,9.8362876926594e-77,8.9490809907641e-44,1.4530209424287e-21,-2.3954019049698e-07
4.7e-10,4.6855168343893e-99,2.3725904332762e-59,4.5964353113738e-21,-1.9783556461667e-07,0.00069151458754983,2.3424008142487e-59,-0.00053754981496522,1.5508988813864e-69,-3.3125832228321e-99,-8.7589875295349e-76,-4.3345793440648e-43,4.4617643895423e-21,-3.4579018427066e-07
4.8e-10,1.5267813139975e-94,1.5509552946749e-58,3.8830012412521e-20,-3.762600386947e-07,0.00082665326199517,-1.5319241580818e-58,-0.00072789705405719,-5.5325240992408e-66,1.0795973298329e-94,7.2807377865573e-75,1.6505000295483e-42,-3.8388882871828e-20,-4.7744986566159e-07
4.9e-10,2.1090609960376e-90,9.0586657517007e-58,4.9450511288509e-20,-6.0194250272634e-07,0.00098601350966623,8.952440547689e-58,-0.00093926988394473,4.5621985532407e-61,-1.4913313320977e-90,-5.6239242933381e-74,-4.0756281419417e-42,-4.6531676213721e-20,-6.3201970156706e-07
5e-10,3.5617086656074e-86,4.6193458891784e-57,8.0422941137704e-19,-8.7626415010341e-07,0.001173489846107,-4.5683553786966e-57,-0.0011628969499338,-1.2856234888237e-56,2.5185083500617e-86,4.0130175279365e-73,1.570333693353e-42,7.9382812920104e-19,-8.0396563824033e-07
5.1e-10,7.4342553594719e-83,1.9795644051408e-56,7.2646732476837e-19,-1.1972149728253e-06,0.0013935173966292,1.9595729633788e-56,-0.0013855932390965,1.229877781057e-52,-5.256812377755e-83,-2.6242417982251e-72,9.9190083944949e-42,6.6169194610252e-19,-9.8411710408426e-07
5.2e-10,8.1045808910703e-78,6.6583083361109e-56,1.4697068618828e-17,-1.5582600428987e-06,0.0016511281086576,-6.6005498879201e-56,-0.0015891986967828,-5.2110402974954e-48,5.7308041067507e-78,1.5554209355887e-71,4.1812147736415e-40,-1.4505652452801e-17,-1.1554595099484e-06
5.3e-10,2.6609486270117e-74,1.5589190270808e-55,2.0664245080912e-17,-1.9471613903592e-06,0.0019520207930699,1.5489993879026e-55,-0.0017502395078145,4.1511583152971e-44,1.881574818549e-74,-8.2261241102619e-71,-6.0524092655355e-39,-1.9478036414951e-17,-1.2903494175858e-06
5.325e-10,2.7840314467501e-39,4.6965951939517e-55,1.1038165379693e-17,-2.047083525304e-06,0.0020350602660849,4.6605525176348e-55,-0.0017809621346783,-3.851925685689e-24,1.9686075150336e-39,-1.1507564075221e-54,-1.0879779143287e-38,-8.4608862960006e-18,-1.3150333853683e-06
5.35e-10,4.3393939952403e-38,1.2746027365821e-54,2.1304941309191e-17,-2.1472823389484e-06,0.0021213014232738,1.2637554313677e-54,-0.001806739189988,2.4728715871804e-23,-3.0684149202746e-38,2.8549549487879e-53,-1.9725473344811e-38,2.0731834225462e-17,-1.3345418307217e-06
5.375e-10,2.3957313385846e-37,3.1894085490978e-54,8.1748906735512e-17,-2.2473509499028e-06,0.0022108529758177,3.1601250285783e-54,-0.0018270449092262,-1.4092618439786e-23,1.6940378754143e-37,-2.9201856386772e-52,-3.6438290657079e-38,8.1723726722774e-17,-1.3481587225231e-06
5.4e-10,3.6137911457413e-37,7.1324979751784e-54,1.9524148045283e-16,-2.3468366774103e-06,0.0023037790797552,7.0609793915287e-54,-0.0018412807097879,-1.6247628639872e-22,-2.5553362249456e-37,1.4783757749678e-51,-6.9157269433698e-38,1.9445250145949e-16,-1.35511193357e-06
5.425e-10,1.3800856737464e-36,1.2271521052567e-53,3.8895393144868e-16,-2.4452782621463e-06,0.0024002357454341,1.2121378169466e-53,-0.0018489330262161,8.497929119077e-23,-9.7586793852449e-37,-2.8535432695506e-51,-1.3475526958134e-37,3.8606519859006e-16,-1.3545611836021e-06
5.45e-10,4.3335824900253e-36,3.828731831184e-54,6.9741970421213e-16,-2.5421534835381e-06,0.0025002924582424,3.4532644525624e-54,-0.0018493654698451,7.0461451057812e-22,3.0643055655282e-36,-6.2570603506165e-51,-2.6414625354586e-37,6.9030534368396e-16,-1.3455894590493e-06
5.475e-10,5.8512951244135e-36,9.8439155914349e-53,1.1584099918478e-15,-2.6369450190628e-06,0.0026041433514044,-9.804643917726e-53,-0.0018420763630505,2.83747412752e-22,4.1374904611966e-36,3.6990607883224e-50,-4.9378549939495e-37,1.1437048306326e-15,-1.3271997858875e-06
5.5e-10,2.3857590850368e-35,5.9663591653729e-52,1.8033639989367e-15,-2.7290615165806e-06,0.0027118656325307,-5.9299637314304e-52,-0.0018263985696304,-1.9361570735473e-21,-1.6869864273069e-35,-5.2448306294954e-51,-7.7602037151905e-37,1.7759686821252e-15,-1.2983178434147e-06
5.525e-10,3.416420890376e-35,2.3963212536501e-51,2.6383081481916e-15,-2.8179189480411e-06,0.0028236697419013,-2.379399368399e-51,-0.0018018256704107,-3.5806172742583e-21,-2.4157743789722e-35,-2.3760176546424e-49,-5.8071319000244e-37,2.5908479420859e-15,-1.2577994032439e-06
5.55e-10,8.778442031105e-35,7.6004948183545e-51,3.6104804704259e-15,-2.9028541495256e-06,0.002939638521461,-7.5407817208105e-51,-0.0017676615728401,2.8807362368534e-22,6.2072958884474e-35,1.4003548032477e-49,2.4301457870718e-36,3.5327345830179e-15,-1.2044403663618e-06
5.575e-10,2.1165794170778e-34,1.9510596939885e-50,4.5554751759386e-15,-2.9832151975071e-06,0.0030599788252937,-1.9338406552709e-50,-0.0017233767490805,1.1590051851957e-20,1.4966476587356e-34,1.2923793810826e-48,1.6004722339157e-35,4.4336023390388e-15,-1.1369865822782e-06
5.6e-10,1.4584221101293e-34,3.8619006606909e-50,5.1213568014768e-15,-3.0582709832817e-06,0.0031847823820287,-3.8212006042615e-50,-0.0016682557991545,1.9828218972089e-20,-1.0312601639048e-34,-5.4206331867656e-49,6.1354581870374e-35,4.9354935276185e-15,-1.0541408321478e-06
5.625e-10,9.8325466189675e-34,4.5600367918172e-50,4.677118780345e-15,-3.1272968855097e-06,0.0033142440331945,-4.4832410810088e-50,-0.0016017393403996,6.4291555441402e-22,-6.9526603906048e-34,-6.5267117016087e-48,1.8716002279352e-34,4.3866472278795e-15,-9.5456528378202e-07
5.65e-10,6.9575223378724e-34,4.5620235613483e-50,2.3809833654308e-15,-3.1894951251829e-06,0.003448473723384,4.5600806252522e-50,-0.0015231151445882,-5.8521890311886e-20,-4.9197112253664e-34,-1.102468398605e-48,4.8397569952621e-34,1.7161397641441e-15,-8.3687912245313e-07
5.675e-10,2.6552154628065e-33,4.7132481992459e-49,4.8397717005355e-15,-3.2440647236566e-06,0.0035876555545776,4.6915665787877e-49,-0.0014318002879307,-1.1110916847366e-19,1.8775208592619e-33,2.8538912565043e-47,1.0694343296515e-33,-4.6955372836736e-15,-6.9965253974894e-07
5.7e-10,6.3924214713256e-33,1.7091092503432e-48,1.7114040995094e-14,-3.2901466564308e-06,0.0037319257065467,1.6976030843031e-48,-0.0013271138015611,-4.0703733727521e-20,4.5201245705768e-33,2.9371910070259e-47,1.9574669944444e-33,-1.7112268586949e-14,-5.4139940464821e-07
5.725e-10,4.5195413214621e-34,4.3458127209732e-48,3.8573676747275e-14,-3.3268711281063e-06,0.0038814614900856,4.3095357392609e-48,-0.0012084606505384,2.3572467153233e-19,3.1957983162588e-34,-9.1468920266055e-47,2.624364134061e-33,-3.8437444138148e-14,-3.6057142444903e-07
5.75e-10,2.146732944696e-32,8.1681622987786e-48,7.2521451869215e-14,-3.3533279417811e-06,0.0040364258929288,8.0819967534391e-48,-0.0010752139332672,5.6354045687422e-19,-1.5179694225911e-32,-2.2035581798991e-46,9.757346772149e-34,-7.2003219887455e-14,-1.5555629896394e-07
5.775e-10,3.7002402837936e-32,9.4513231069843e-48,1.2226852450469e-13,-3.3685817662103e-06,0.0041969926093908,9.2891997976093e-48,-0.000926776633386,4.5025253732747e-19,-2.6164649966901e-32,1.0648504864539e-46,-8.5348592804394e-33,-1.210049828359e-13,7.5318628074085e-08
5.8e-10,9.2621428860336e-33,4.8099168798305e-48,1.8993732696068e-13,-3.3716737391872e-06,0.0043633455031808,-4.7446262584392e-48,-0.00076258940778186,-6.2065110826876e-19,6.5493240430331e-33,1.0005177005382e-45,-3.7264587957959e-32,-1.8739098326855e-13,3.337771198819e-07
5.825e-10,1.380632374763e-31,6.285060713281e-47,2.7458623313979e-13,-3.3616082661745e-06,0.0045356586693603,-6.2613709859511e-47,-0.00058206379474819,-2.3999934759688e-18,9.7625451452059e-32,9.2679543353405e-46,-1.0289518134693e-31,-2.6999353913617e-13,6.215804970284e-07
5.85e-10,2.1360754758569e-31,2.1038595417607e-46,3.6938610305815e-13,-3.3373877416844e-06,0.0047141294245106,-2.0901783726254e-46,-0.0003847166018521,-3.1768707253418e-18,1.5104334541047e-31,-2.4887122784975e-45,-2.2159650823172e-31,-3.6170541775255e-13,9.4051207276746e-07
5.875e-10,5.7383762170671e-32,4.7951060294109e-46,4.5775758862942e-13,-3.2979654140617e-06,0.0048989386843307,-4.753916463884e-46,-0.00016998503585156,-2.9539152682704e-19,-4.0576447360877e-32,-7.0731597732418e-45,-3.7881574297536e-31,-4.4559463019256e-13,1.2923621543429e-06
5.9e-10,7.7448744162103e-31,7.884889018479e-46,5.0867458079038e-13,-3.2423110109005e-06,0.0050902915502669,-7.7935372050334e-46,6.2528423712983e-05,7.354618567308e-18,-5.4764532191405e-31,-1.5484996513106e-45,-4.5978775246496e-31,-4.9005090546582e-13,1.6789157130349e-06
5.925e-10,1.2473806842655e-30,7.2402511437262e-46,4.722878832942e-13,-3.1693420682289e-06,0.0052883827334881,-7.074080745443e-46,0.00031333458572146,1.5831737028237e-17,-8.8203134056523e-31,2.3090347009234e-44,-1.2551995780566e-31,-4.4340604000125e-13,2.1019437237082e-06
5.95e-10,3.5245329986369e-32,8.0530605323525e-46,2.8591818996546e-13,-3.0780088764084e-06,0.0054934213490573,8.044753278946e-46,0.00058273396116493,1.4890886038778e-17,2.4922211838519e-32,4.2261167586555e-44,1.3438558239988e-30,-2.2899665143881e-13,2.5631977836783e-06
5.975e-10,3.8013479301494e-30,5.6938923288458e-45,2.9450112587278e-13,-2.9672096394272e-06,0.0057056201149948,5.6712070120631e-45,0.00087115351124719,-6.9651048748828e-18,2.6879588990581e-30,-1.1992075553332e-44,5.1171217838352e-30,2.5765561969963e-13,3.0644063576293e-06
6e-10,7.096923238614e-30,1.6200016713965e-44,1.1480653468926e-12,-2.8358810082747e-06,0.0059251901517807,1.608997406445e-44,0.0011787866092246,-5.0129826221945e-17,5.0182825475843e-30,-1.6575561703874e-43,1.2479430570821e-29,1.1470279352549e-12,3.6072702343396e-06
6.025e-10,2.4948658490175e-30,3.2261216112435e-44,2.5899787438722e-12,-2.6829165307335e-06,0.0061523624860031,3.1962030305856e-44,0.0015059445615492,-9.0322432598297e-17,1.7641365599911e-30,-2.3944851120772e-43,2.3522984427244e-29,2.5857566436792e-12,4.1934547368714e-06
6.05e-10,1.5568231105439e-29,4.5369023937258e-44,4.7404185590513e-12,-2.507258276339e-06,0.0063873512895334,4.4758075412511e-44,0.0018527061651601,-7.7274847559824e-17,-1.1008401785735e-29,1.453622403958e-43,3.4092779660717e-29,4.7146917082297e-12,4.8245769027443e-06
6.075e-10,3.724978463559e-29,2.8560986077369e-44,7.7008339417934e-12,-2.307820606467e-06,0.0066304033118111,2.7402295657536e-44,0.0022192375750028,4.0322746518045e-17,-2.6339575313564e-29,1.0471186226682e-42,3.0484061627418e-29,7.6305383121621e-12,5.5021870405792e-06
6.1e-10,2.9151466189235e-29,7.5782217137328e-44,1.1474372576916e-11,-2.0835700086986e-06,0.0068817405602897,-7.5774956745745e-44,0.0026054953909519,2.6241582602737e-16,-2.0613199423938e-29,1.3728163971611e-42,-1.7190361390403e-29,1.1327409763459e-11,6.2277454148943e-06
6.125e-10,4.5708468570864e-29,3.4673765171429e-43,1.5883994716008e-11,-1.8334624991772e-06,0.0071416209487485,-3.4518863597238e-43,0.0030114721999418,4.8193042663785e-16,3.232076808411e-29,-9.3262032258467e-43,-1.5856049441316e-28,1.5616535994106e-11,7.0025958978286e-06
6.15e-10,1.700381747354e-28,8.4601911353691e-43,2.0472178625212e-11,-1.5564998278576e-06,0.007410281469763,-8.398478292438e-43,0.0034369904710092,4.7548558184565e-16,1.2023514641598e-28,-6.0685711532805e-42,-4.5297072505335e-28,2.0025988900565e-11,7.8279389118792e-06
6.175e-10,2.1459646302235e-28,1.4840028728169e-42,2.4389983475028e-11,-1.2517036167262e-06,0.0076879850398488,-1.4688317451948e-42,0.0038818413551139,-6.956023313756e-18,1.5174261422175e-28,-8.1250712861776e-42,-9.2763225670784e-28,2.3687866472101e-11,8.7048057299127e-06
6.2e-10,2.564653092222e-29,1.7815187285422e-42,2.6296312891191e-11,-9.1814093930923e-07,0.0079749905864306,-1.7525580786115e-42,0.0043456956860857,-1.0410573096797e-15,-1.8134835929012e-29,3.9773043717975e-42,-1.481084540975e-27,2.5227901051267e-11,9.6340353224188e-06
6.225e-10,6.1991772561769e-28,5.9390361341578e-43,2.4323703151744e-11,-5.5492011703083e-07,0.0082715592015265,-5.191050284449e-43,0.0048281180486631,-2.287212143243e-15,-4.3834802756201e-28,3.2451152734263e-41,-1.7181131001441e-27,2.2681451158431e-11,1.0616253738732e-05
6.25e-10,1.1862151057549e-27,4.2461329731472e-42,1.6451227998251e-11,-1.6119287601602e-07,0.0085779769041205,4.242751557645e-42,0.0053286064325672,-2.8754009917727e-15,-8.3878074522518e-28,4.8593107100607e-41,-7.4219290818081e-28,1.3469233918291e-11,1.1651854821923e-05
6.275e-10,7.9991996505801e-28,1.4935947044158e-41,1.0334784145038e-11,2.6380813693542e-07,0.008894498085622,1.486229384655e-41,0.0058464796638883,-1.619624383488e-15,-5.6562883169902e-28,-6.3610264163443e-42,2.9779522210171e-27,-5.5257851562418e-12,1.2740980231712e-05
6.3e-10,1.4213799795433e-27,3.2233248958862e-41,3.8172849760953e-11,7.2081287607027e-07,0.0092214389617058,3.198052995771e-41,0.0063810401654855,2.3229967505419e-15,1.0050674221779e-27,-1.5728588764748e-40,1.1401613756809e-26,-3.7734585995107e-11,1.3883496577044e-05
6.325e-10,4.9600261804743e-27,5.0803253281359e-41,8.6489454271265e-11,1.2104461157758e-06,0.0095590465980752,5.0229471002395e-41,0.0069313485377692,8.476968700473e-15,3.5072681470762e-27,-2.8178988084289e-40,2.5924987395503e-26,-8.6487801349351e-11,1.5078968029491e-05
6.35e-10,6.6282653626235e-27,5.2688095836958e-41,1.5479954131634e-10,1.7332832323987e-06,0.0099076677321678,5.1637230164055e-41,0.0074964874796781,1.4220496435496e-14,4.686891385415e-27,-8.1136305777397e-41,4.5062767434834e-26,-1.5437892767144e-10,1.6326623850613e-05
6.375e-10,1.2692926671618e-27,7.9707844133458e-42,2.4401993263614e-10,2.2897770582953e-06,0.010267545927217,-6.7661991108517e-43,0.0080752517166807,1.4824155995702e-14,8.975254522605e-28,6.607847398307e-40,6.0462859804931e-26,-2.4239621999354e-10,1.7625321441151e-05
6.4e-10,1.388042637542e-26,1.6149769007046e-40,3.5266828580272e-10,2.8803365752724e-06,0.010639054576363,-1.6127858808441e-40,0.0086664781703442,5.0211239598935e-15,-9.8149436158199e-27,1.5187657857597e-39,5.1756671205001e-26,-3.4885019497899e-10,1.8973506524969e-05
6.425e-10,3.2136564037331e-26,4.8295520611404e-40,4.7548510995223e-10,3.5052112706601e-06,0.011022440559077,-4.8040961936223e-40,0.0092686907444934,-1.7768015581613e-14,-2.2723982354833e-26,1.0872625675923e-39,-1.7416962575471e-26,-4.681707404694e-10,2.0369172617696e-05
6.45e-10,3.3325326649558e-26,9.5205050661184e-40,6.0220779726536e-10,4.164573057318e-06,0.011418095499524,-9.4413315777087e-40,0.009880453888941,-4.9439227264616e-14,-2.3564564459159e-26,-2.1534131432321e-39,-1.9693425111415e-25,-5.8970218535618e-10,2.1809821756984e-05
6.475e-10,8.1626004226721e-27,1.3828266653335e-39,7.1657657584385e-10,4.8584431885613e-06,0.011826278329143,-1.3658036654215e-39,0.01050001817988,-7.6459981273722e-14,5.7718301109876e-27,-7.2993594197741e-39,-5.3252343439099e-25,-6.9667911252404e-10,2.3292427678415e-05
6.5e-10,9.7903705247001e-26,1.2765425902679e-39,7.9584895743648e-10,5.5867611691768e-06,0.012247387919031,-1.245899135431e-39,0.011125651725558,-7.7046708439743e-14,6.9228373883443e-26,-8.502034256263e-39,-1.0221441477246e-24,-7.6561004026902e-10,2.4813401532677e-05
6.525e-10,1.8802748657798e-25,3.7224184057978e-40,8.1130497686327e-10,6.3492848685131e-06,0.012681705554062,3.2201551439885e-40,0.011755332420074,-2.8386032177982e-14,1.3295551080875e-25,3.1730188831342e-39,-1.5387686242218e-24,-7.6631817047466e-10,2.6368559157076e-05
6.55e-10,1.6646141304003e-25,4.5356464911871e-39,7.3106425245043e-10,7.1456559105661e-06,0.013129626899698,4.5284141051106e-39,0.012387014320618,8.0159419855669e-14,1.177059939665e-25,2.9606392540798e-38,-1.7257009155053e-24,-6.6287574852711e-10,2.7953088155288e-05
6.575e-10,9.0373495300064e-26,1.2309793168666e-38,5.330793723443e-10,7.9753385079229e-06,0.013591466329882,1.2243007851181e-38,0.013018406077664,2.314748596101e-13,-6.3903711366206e-26,5.0897818304572e-38,-9.00605442481e-25,-4.1561092898759e-10,2.9561512930532e-05
6.6e-10,5.8556428011267e-25,2.2847702699702e-38,3.3175267962964e-10,8.8376557527696e-06,0.014067608417996,2.265070855345e-38,0.013647137509048,3.7010697530084e-13,-4.1405647328829e-25,2.2930230263142e-38,1.9474309886196e-24,1.5741823528463e-11,3.1187656408948e-05
6.625e-10,1.0462876842368e-24,3.1476506190669e-38,7.2694471178147e-10,9.7317502720685e-06,0.014558409137508,3.1065733665994e-38,0.014270652521171,4.059941566747e-13,-7.398371165958e-25,-8.9735694906682e-38,7.925717551266e-24,6.6783218392984e-10,3.2824598225879e-05
6.65e-10,8.9245440655626e-25,2.7217439121341e-38,1.579640008844e-09,1.0656583096492e-05,0.015064237057205,2.6481155066417e-38,0.014886254194287,2.3991168454028e-13,-6.3106056277575e-25,-2.4338353882151e-37,1.7588437385733e-23,1.5686999605034e-09,3.4464630338888e-05
6.675e-10,4.8916939543807e-25,1.0304547835536e-38,2.7324925917415e-09,1.1610937676183e-05,0.015585493173754,-9.4530560385766e-39,0.015491126079248,-1.8900871426648e-13,3.4589499666318e-25,-2.5978115141849e-37,2.9717681016745e-23,2.7324731832551e-09,3.609921207035e-05
6.7e-10,3.1071433145992e-24,9.8980378963901e-38,4.1622354570611e-09,1.2593401092002e-05,0.016122528484079,-9.8832598267281e-38,0.016082250291686,-8.4468659581893e-13,2.1970821078715e-24,1.0623030308944e-37,3.9559529406493e-23,4.1544155273368e-09,3.7718927087683e-05
6.725e-10,5.6269799902267e-24,2.5629002361832e-37,5.8406712405839e-09,1.3602383899239e-05,0.016675786635314,-2.5492071121178e-37,0.016656554987197,-1.5476956131829e-12,3.9788757086903e-24,8.9498179660269e-37,3.6942715709128e-23,5.8071014789021e-09,3.9313444584765e-05
6.75e-10,5.1956315281028e-24,4.6084100746993e-37,7.7191662214384e-09,1.4636051653783e-05,0.017245604086587,-4.5684489311868e-37,0.01721071672247,-1.971846029219e-12,3.6738662860681e-24,1.5694736220541e-36,5.3726841269057e-24,7.6385213314723e-09,4.0871486033096e-05
6.775e-10,1.3516109556737e-24,6.2067624606515e-37,9.7272203755603e-09,1.569239519581e-05,0.017832460480072,-6.1241573411849e-37,0.017741415774387,-1.7110845181888e-12,-9.5573327228287e-25,9.4190960734867e-37,-7.5966734750836e-23,9.5728143393769e-09,4.2380797561225e-05
6.8e-10,1.4583397571753e-23,5.3548855280195e-37,1.1775892309022e-08,1.6769151408568e-05,0.018436686094399,-5.2071850180385e-37,0.018245049006646,-4.2559026825858e-13,-1.0312019315726e-23,-2.0608347737169e-36,-2.2467070277551e-22,1.151408331265e-08,4.3828126576494e-05
6.825e-10,2.8895394001432e-23,1.617845159039e-37,1.3764896037253e-08,1.786387472232e-05,0.019058787161135,1.3624672042605e-37,0.018718060676868,1.9564664575019e-12,-2.043212904347e-23,-6.680597173794e-36,-4.3945308982535e-22,1.3353366974781e-08,4.5199200105148e-05
6.85e-10,3.1062226499612e-23,1.7247509477544e-36,1.5592747131107e-08,1.8973847073649e-05,0.019699099846069,1.7229355876452e-36,0.019156603462187,5.0433765132488e-12,-2.1964310996628e-23,-8.7228093589824e-36,-6.7552587129316e-22,1.4978374107289e-08,4.6478702009368e-05
6.875e-10,4.6393114217942e-24,4.4606079053185e-36,1.7169020588847e-08,2.0096165316761e-05,0.020358145671387,4.4384211240928e-36,0.019556902620569,7.8822105423258e-12,-3.2804885663869e-24,-1.4482848029012e-36,-8.1460960400328e-22,1.6285078888624e-08,4.7650246961448e-05
6.9e-10,5.7705555407159e-23,7.9853764199665e-36,1.8427337772659e-08,2.1227655883759e-05,0.021036279435405,7.9182757928021e-36,0.019914909745575,9.0545833608937e-12,4.0803989540538e-23,1.8768921515578e-35,-6.4093445232404e-22,1.7189823041126e-08,4.8696350687355e-05
6.925e-10,1.3710644154743e-22,1.0820428874049e-35,1.9337290904922e-08,2.2364948144366e-05,0.021734025706835,1.0679883421595e-35,0.020226654234723,7.0257771737806e-12,9.6948894562547e-23,4.3056527639224e-35,1.5489261537936e-22,1.7640258909599e-08,4.9598398302069e-05
6.95e-10,1.7750035266094e-22,9.8487497691298e-36,1.9913189019843e-08,2.3504384984111e-05,0.022451768631461,9.5977565596442e-36,0.020487935742235,7.2914694759972e-13,1.2551170302956e-22,4.4321298360485e-35,1.9118927475603e-21,1.7623381711433e-08,5.0336615022364e-05
6.975e-10,9.7115792553259e-23,1.7631250153071e-36,2.0217277834151e-08,2.4642103996988e-05,0.023190024853692,-1.674333741101e-37,0.020694619001006,-9.7386573543567e-12,6.8671235474716e-23,-1.2295663483366e-35,4.838211339985e-21,1.7169095712494e-08,5.089004537953e-05
7e-10,1.6466527013011e-22,2.4114766701566e-35,2.0355043560821e-08,2.577397115434e-05,0.023949215520929,-2.4106242078782e-35,0.020842406310859,-2.2539467075057e-11,-1.1643592913492e-22,-1.3451011257857e-34,8.7294670443352e-21,1.6348251812375e-08,5.1236547618308e-05
7.025e-10,5.7045566826684e-22,6.5644237286713e-35,2.0460828558432e-08,2.6895628131459e-05,0.024729842432892,-6.5363950088868e-35,0.020927039314358,-3.3917591007434e-11,-4.0337307139779e-22,-2.5552041302646e-34,1.2580463773079e-20,1.5264842696515e-08,5.1352808664272e-05
7.05e-10,9.1480984442198e-22,1.2022253061343e-34,2.0674321145217e-08,2.8002473723074e-05,0.025532367875687,-1.1928633967881e-34,0.020944182619927,-3.8681228953519e-11,-6.4686824448699e-22,-2.1755426820112e-34,1.4180612422662e-20,1.4042950125424e-08,5.121438161637e-05
7.075e-10,8.2810443593715e-22,1.6801972759193e-34,2.1113243910536e-08,2.9089689372772e-05,0.026357277175076,-1.659815483326e-34,0.020889508130572,-3.1455860584747e-11,-5.8555826218182e-22,1.523637564154e-34,9.8954754492498e-21,1.2809964552693e-08,5.0795742761184e-05
7.1e-10,7.5567065055604e-23,1.6701187954552e-34,2.1852389165191e-08,3.0152224759507e-05,0.027205073611845,-1.6333867141144e-34,0.020758706491618,-8.5835301810957e-12,5.3433984135183e-23,8.4737659066057e-34,-5.0352041242475e-21,1.1678372028603e-08,5.0070359734212e-05
7.125e-10,1.8887040328201e-21,5.5878784599868e-35,2.2918068854959e-08,3.1184770767957e-05,0.028076229110499,-4.5792885339317e-35,0.020547444802481,2.9746608221998e-11,1.3355154292615e-21,1.4495302473737e-33,-3.5259244060321e-20,1.0728863504319e-08,4.901075812679e-05
7.15e-10,4.036934343999e-21,2.6294492219408e-34,2.4297912453936e-08,3.2181824315148e-05,0.028971282994973,2.6291645695144e-34,0.020251506267938,7.7799616104501e-11,2.8545436498466e-21,1.0940755126517e-33,-8.2736544563114e-20,9.9975417572861e-09,4.7588572332197e-05
7.175e-10,5.0840867962864e-21,8.1606825673152e-34,2.5956880743738e-08,3.313766266838e-05,0.02989070002126,8.1347549119378e-34,0.019866628792357,1.2379629830644e-10,3.5949922497951e-21,-1.0785910884916e-33,-1.426891010742e-19,9.4695252358019e-09,4.5774569240097e-05
7.2e-10,3.0424869443185e-21,1.5757179668091e-33,2.7850326389373e-08,3.4046384832563e-05,0.030835046690349,1.5649820112354e-33,0.019388757031538,1.5125912253053e-10,2.1513631499992e-21,-4.8967941910654e-33,-1.9854236169429e-19,9.0803108614041e-09,4.3538641111129e-05
7.225e-10,3.5796920988438e-21,2.3194050933411e-33,2.9931756457575e-08,3.4901836137873e-05,0.031804788795383,2.2942320085662e-33,0.018813785144762,1.424600297721e-10,-2.5312245576523e-21,-8.0270559382774e-33,-2.173210667846e-19,8.7249895772273e-09,4.0849775760879e-05
7.25e-10,1.4121802758338e-20,2.5538404415193e-33,3.2158336818053e-08,3.5697717684843e-05,0.032800509605326,2.5070893889703e-33,0.018137891236594,8.362500274104e-11,-9.9856224929997e-21,-5.9061886777788e-33,-1.4826115339971e-19,8.2740204251361e-09,3.7676025571108e-05
7.275e-10,2.4215779938835e-20,1.5006319313256e-33,3.4497270507556e-08,3.6427531509748e-05,0.033822684998239,1.4098231033018e-33,0.017357220117337,-2.913541709305e-11,-1.7123142206472e-20,5.8717398331323e-33,7.133221863244e-20,7.5930192727328e-09,3.3984508152948e-05
7.3e-10,2.5607411722936e-20,1.9860294834432e-33,3.6932949547963e-08,3.7084678614489e-05,0.034871905413123,-1.9693434054394e-33,0.016468259547248,-1.8477130510315e-10,-1.8107174477924e-20,2.6373612576666e-32,4.9835087878147e-19,6.5631633793305e-09,2.9741476520707e-05
7.325e-10,8.738356651511e-21,8.4167354241832e-33,3.9471806436557e-08,3.7662375485781e-05,0.035948664879167,-8.4027523170333e-33,0.01546750656964,-3.5495730942372e-10,-6.1789512447101e-21,4.3685085695417e-32,1.1506493763379e-18,5.0985533204009e-09,2.491249172025e-05
7.35e-10,3.133684555701e-20,1.785175113836e-32,4.2141313965873e-08,3.8153737896367e-05,0.037053553654501,-1.7754219227335e-32,0.014351839476791,-4.9606450290174e-10,2.2158495994357e-20,3.4432084778947e-32,1.9583671442091e-18,3.1573058777591e-09,1.9462714315677e-05
7.375e-10,8.7047130477621e-20,2.8233662008842e-32,4.4981870495643e-08,3.8551721923446e-05,0.038187089171633,-2.797202842305e-32,0.01311821335691,-5.562263884422e-10,6.1551616243556e-20,-2.4812737535748e-32,2.7070623817457e-18,7.4423696028422e-10,1.3357304433888e-05
7.4e-10,1.3235820858192e-19,3.4547885228483e-32,4.8034029464652e-08,3.8849249553013e-05,0.039349857236361,-3.4031483818469e-32,0.011763982345955,-4.8703458199878e-10,9.3591386833978e-20,-1.3228377915166e-31,2.9906417006771e-18,-2.0954453020801e-09,6.561888220753e-06
7.425e-10,1.2472556096216e-19,2.8301984134012e-32,5.1326394174913e-08,3.9039152793107e-05,0.040542399986849,-2.7384886248992e-32,0.010286666449267,-2.579587349381e-10,8.8194289943643e-20,-2.3229539328363e-31,2.2047668355572e-18,-5.2902715697307e-09,-9.5698038476014e-07
7.45e-10,2.041508266387e-20,6.4695143182254e-33,5.4869484834936e-08,3.9114229910777e-05,0.04176529791448,3.1875531127585e-33,0.0086841852850731,1.2967693661083e-10,1.4435643390106e-20,-2.0903781519184e-31,-3.7775627598431e-19,-8.7617214246722e-09,-9.2314503027224e-06
7.475e-10,1.9597417259097e-19,6.8240361213541e-32,5.8657836995059e-08,3.9067261224514e-05,0.043019115321005,6.8234009762649e-32,0.0069547292580422,6.330178571469e-10,-1.385746663765e-19,6.4398443260793e-32,-5.4055834551814e-18,-1.2444693279067e-08,-1.8292180197429e-05
7.5e-10,4.7594981461686e-19,1.7153284771456e-31,6.2678560280202e-08,3.8891033991253e-05,0.044304429714316,1.7090068856974e-31,0.0050968775997281,1.1659684178845e-09,-3.3654734142006e-19,6.0804835401161e-31,-1.3091679487373e-17,-1.6305096104163e-08,-2.8168376405237e-05
7.525e-10,6.845125833819e-19,2.9904571225766e-31,6.692212678743e-08,3.8578335567027e-05,0.045621822042252,2.9682853258942e-31,0.003109593501152,1.6079094565119e-09,-4.8402348951686e-19,1.1884796055966e-30,-2.2710351404427e-17,-2.0350963341208e-08,-3.8888064346985e-05
7.55e-10,6.1639190827912e-19,4.0743553390445e-31,7.1391261897637e-08,3.8122022720377e-05,0.046971871378643,4.0256033901112e-31,0.00099221405615685,1.8232193765647e-09,-4.3585489821268e-19,1.2579640317406e-30,-3.2028835287698e-17,-2.4634803539918e-08,-5.0478529075425e-05
7.575e-10,7.2473450182592e-20,4.1597998404003e-31,7.61055785666e-08,3.7515080502384e-05,0.048355168407869,4.0716624989298e-31,-0.0012554273397774,1.689374660145e-09,-5.1246468080096e-20,1.3702239665428e-31,-3.6851899187665e-17,-2.9246735668244e-08,-6.2966794424906e-05
7.6e-10,1.00422894679e-18,2.1339878217604e-31,8.1101487447845e-08,3.6750578846895e-05,0.049772299364862,1.9504959581682e-31,-0.0036331352945147,1.1288566423332e-09,7.1009709813904e-19,-2.4649834165963e-30,-3.0966703593232e-17,-3.4299925091493e-08,-7.6379962782526e-05
7.625e-10,2.3724708869716e-18,3.6226625279002e-31,8.642801220669e-08,3.5821743664441e-05,0.051223858101463,-3.5970796210232e-31,-0.0061401159710948,1.3822686712669e-10,1.6775902523453e-18,-5.7193419258565e-30,-6.8593256587749e-18,-3.9911507186748e-08,-9.0745226162155e-05
7.65e-10,3.3997971440122e-18,1.3396317792529e-30,9.2139521723788e-08,3.4721952708228e-05,0.052710442370074,-1.3376927358113e-30,-0.0087752156726137,-1.1928909062975e-09,2.4040196151897e-18,-7.2072642033298e-30,4.242014132226e-17,-4.618317732807e-08,-0.00010608939512343
7.675e-10,3.1413202931251e-18,2.697865919447e-30,9.8286684441572e-08,3.3444859408973e-05,0.054234134280634,-2.6837027851002e-30,-0.011536598449949,-2.6792316222014e-09,2.2212488811477e-18,-3.4434352214568e-30,1.2000626123509e-16,-5.318569703036e-08,-0.00012243787490976
7.7e-10,6.7639384773488e-19,4.1304388770045e-30,1.0490756216124e-07,3.1984312206313e-05,0.055794485809693,-4.0923947850096e-30,-0.014422055845138,-4.0574783655646e-09,4.782826764862e-19,8.0112487435256e-30,2.2068866347775e-16,-6.0950678554542e-08,-0.00013981313541601
7.725e-10,4.302764512507e-18,4.9791489169745e-30,1.1202140656815e-07,3.0334480900974e-05,0.05739177189717,-4.9041525214557e-30,-0.017428637872418,-5.0239928158288e-09,-3.0425139646425e-18,2.5091249759188e-29,3.2579381286184e-16,-6.9471347920819e-08,-0.00015823284952185
7.75e-10,1.0813568300915e-17,4.2066114982895e-30,1.1962764692479e-07,2.8489800365508e-05,0.059026619899715,-4.0742415306321e-30,-0.02055299152857,-5.2882780165047e-09,-7.6463474744012e-18,3.8163525179622e-29,3.9894770563805e-16,-7.8711919944893e-08,-0.00017770798233439
7.775e-10,1.615546696786e-17,9.5204684410785e-31,1.2771127564934e-07,2.6445104930509e-05,0.060699618742644,-3.0410603351004e-31,-0.023790990611833,-4.633666185081e-09,-1.1423640246209e-17,3.0584736009375e-29,3.8502581815006e-16,-8.8623225364298e-08,-0.00019824117165106
7.8e-10,1.6175186067545e-17,7.5710333932423e-30,1.3625368492926e-07,2.4195590659862e-05,0.062411403580083,7.5694640560308e-30,-0.027138057404897,-2.9738292600816e-09,-1.1437583755315e-17,-1.3771595424619e-29,2.1522147651142e-16,-9.9160780818491e-08,-0.00021982572491051
7.825e-10,6.5886398948274e-18,1.9917856265615e-29,1.4524596647077e-07,2.1736928010553e-05,0.064162563489476,1.9864964385114e-29,-0.030588837570076,-3.928072341568e-10,-4.6588719484287e-18,-9.539506696997e-29,-1.7881258218629e-16,-1.1030093974162e-07,-0.00024244546351174
7.85e-10,1.4622556460698e-17,3.5287628528503e-29,1.5470069972716e-07,1.9065233503194e-05,0.065953734113325,3.505969781459e-29,-0.034137462013531,2.8421799467479e-09,1.0339708831643e-17,-1.8187275638199e-28,-8.3982650560085e-16,-1.2205124959273e-07,-0.00026607548488433
7.875e-10,4.4323944184944e-17,4.9243096253913e-29,1.6465866677222e-07,1.6177126399336e-05,0.06778551018814,4.8708870945555e-29,-0.037777307639232,6.3017934310268e-09,3.1341761502108e-17,-2.0141766935648e-28,-1.7494046092191e-15,-1.3445256092941e-07,-0.00029068371688766
7.9e-10,7.2130040738345e-17,5.3706257760003e-29,1.7518845602211e-07,1.3069766662837e-05,0.069658519146164,5.2714785643949e-29,-0.041501164598362,9.4500697465667e-09,5.1003640933346e-17,-6.4008814700663e-29,-2.7866419798857e-15,-1.4757244832978e-07,-0.00031623295109231
7.925e-10,8.0840425301224e-17,3.7429459464255e-29,1.8637895211073e-07,9.7409171473881e-06,0.071573367307152,3.5622769930467e-29,-0.04530111305268,1.1727790993751e-08,5.71628129245e-17,2.7967255022634e-28,-3.6911894341095e-15,-1.6149162123379e-07,-0.00034268290708968
7.95e-10,5.0978409706258e-17,1.7449401280473e-29,1.9832666626895e-07,6.1889225488452e-06,0.07353066561359,-1.5230470287497e-29,-0.049168573680382,1.2650421698487e-08,3.6047179197401e-17,7.5321769341057e-28,-4.0466208707037e-15,-1.7628670019254e-07,-0.00036999183578635
7.975e-10,3.0154171210574e-17,1.0899538654343e-28,2.1112129386698e-07,2.4128002094297e-06,0.075531036627197,-1.0898689872943e-28,-0.053094316131706,1.1902466259915e-08,-2.1322218944057e-17,1.0888286271242e-27,-3.3045602855522e-15,-1.920135845125e-07,-0.00039811723230883
8e-10,1.5665221671781e-16,2.4458574361577e-28,2.2483347512699e-07,-1.5877076086107e-06,0.07757506866149,-2.4374326645324e-28,-0.057068386193279,9.4085739082632e-09,-1.1076984472907e-16,8.555847486324e-28,-8.707022985327e-16,-2.0869542335658e-07,-0.00042701539058524
8.025e-10,2.9383216284665e-16,4.0002482157604e-28,2.3950828467023e-07,-5.8121384070806e-06,0.079663402404178,-3.9709572820947e-28,-0.061080244853512,5.3643815405858e-09,-2.0777071487958e-16,-3.4774034329113e-28,3.7320142904275e-15,-2.2631797532145e-07,-0.00045663976004367
8.05e-10,3.7623557545212e-16,5.2363587133305e-28,2.5516649640646e-07,-1.0259253295072e-05,0.081796600859325,-5.1725495735846e-28,-0.065118581838392,2.1698181502524e-10,-2.6603872672582e-16,-2.5302049074919e-27,1.0622688743499e-14,-2.4483321238193e-07,-0.0004869383095588
8.075e-10,3.204203949141e-16,5.3069231884135e-28,2.7181349080226e-07,-1.4927093748557e-05,0.083975320666903,-5.1920054966512e-28,-0.069171568149555,-5.4049499273986e-09,-2.2657143407423e-16,-4.9043473514239e-27,1.9268700735529e-14,-2.6416988760533e-07,-0.00051785030762955
8.1e-10,5.5859186120167e-17,3.143547770467e-28,2.8945342019346e-07,-1.9812833807632e-05,0.086200100601866,-2.9205422761516e-28,-0.073226581414976,-1.0799917392194e-08,-3.9498409297132e-17,-5.7254544765184e-27,2.8196775753567e-14,-2.8424799527612e-07,-0.00054930304276873
8.1250000000001e-10,4.298440078008e-16,2.8640300168631e-28,3.0810464639472e-07,-2.4912791881906e-05,0.088471606515986,2.7565723329789e-28,-0.077270541052066,-1.5319762638989e-08,3.0394561276835e-16,-2.7407513011575e-27,3.4803299236202e-14,-3.0499307370048e-07,-0.00058120900675506
8.1500000000001e-10,1.0449260657813e-15,1.2485210764822e-27,3.2781204297089e-07,-3.0222315175545e-05,0.090790357766517,1.2481481301746e-27,-0.081289582994702,-1.8485824370992e-08,7.3887430695254e-16,5.516763215192e-27,3.5388549599892e-14,-3.2634639130235e-07,-0.0006134639468184
8.1750000000001e-10,1.5692153284933e-15,2.5827253171213e-27,3.4865265277774e-07,-3.5735927032613e-05,0.093157019051871,2.5728766817303e-27,-0.08526943649635,-2.0068027371222e-08,1.1096027999195e-15,1.7793863576652e-26,2.5550110683052e-14,-3.4826819124e-07,-0.00064594599139066
8.2000000000001e-10,1.6777968405894e-15,4.0317137539908e-27,3.7073313376272e-07,-4.144722494577e-05,0.095572098314875,4.000340334919e-27,-0.089195092876412,-2.0107149976126e-08,1.1863815234341e-15,2.8436619034309e-26,1.0464209128817e-15,-3.7073304557634e-07,-0.00067851581803601
8.2250000000001e-10,1.0316393540657e-15,5.0838879610187e-27,3.9417983159261e-07,-4.7348832127763e-05,0.098036246747255,5.017803255405e-27,-0.09305117820956,-1.8873732393561e-08,7.2947918299876e-16,2.7502985772873e-26,-4.0831327014445e-14,-3.9371848437898e-07,-0.00071101762008207
8.2500000000001e-10,5.6645103105338e-16,4.953931155657e-27,4.191244787011e-07,-5.343228394547e-05,0.10054997051554,4.8363462039186e-27,-0.096821662080715,-1.6773281507575e-08,-4.0054136526796e-16,4.2747502264921e-27,-9.9468655189854e-14,-4.1718984962157e-07,-0.00074328049217409
8.2750000000001e-10,2.9846115882863e-15,2.7188226624198e-27,4.4568979584458e-07,-5.9688139965452e-05,0.10311389457448,2.481193978479e-27,-0.10049018156478,-1.4222377382246e-08,-2.1104390932852e-15,-4.5308373719684e-26,-1.6898556080206e-13,-4.4108529687368e-07,-0.00077511982444907
8.3000000000001e-10,5.6131614037386e-15,3.0539507229834e-27,4.7397927510196e-07,-6.6105988117692e-05,0.10572853218876,-2.9660100576651e-27,-0.10403983163891,-1.1529528568706e-08,-3.9691044924782e-15,-1.0923058817318e-25,-2.3661210709181e-13,-4.6530476719319e-07,-0.00080633837125642
8.3250000000001e-10,7.3480140282536e-15,1.1949827740758e-26,5.040741427787e-07,-7.2674443681373e-05,0.10839447063319,-1.1946335596449e-26,-0.10745340309763,-8.8147733176285e-09,-5.195830547632e-15,-1.5318482376912e-25,-2.8203486133076e-13,-4.8970560807257e-07,-0.00083672681585084
8.3500000000001e-10,6.7943897005876e-15,2.3937487438556e-26,5.3603832625085e-07,-7.9380990975012e-05,0.11111223633961,-2.3847702560423e-26,-0.11071328662289,-5.9920018609664e-09,-4.8043590313095e-15,-1.2510103280857e-25,-2.7846816790599e-13,-5.1410565316898e-07,-0.00086606383940831
8.3750000000001e-10,2.7294686015744e-15,3.6662886736268e-26,5.6992985256058e-07,-8.6212069096054e-05,0.11388237066511,-3.6378140077792e-26,-0.11380159917352,-2.8197122437069e-09,-1.930025757209e-15,2.308582769831e-26,-1.9614889325634e-13,-5.3829249434499e-07,-0.00089411586687833
8.4000000000001e-10,5.2329419310124e-15,4.5692867098756e-26,6.058152258023e-07,-9.315308829871e-05,0.11670541512321,-4.5094766971834e-26,-0.11670021971829,9.957873754498e-10,3.7002487249743e-15,2.9660037071412e-25,-8.6730075174172e-15,-5.6203597315136e-07,-0.00092063675866435
8.4250000000001e-10,1.5956853858829e-14,4.4459307039679e-26,6.4378253066093e-07,-0.00010018839757192,0.11958186149132,-4.3396380792794e-26,-0.11939079377296,5.6792715957336e-09,1.1283199569981e-14,6.145190806418e-25,2.9795410627986e-13,-5.8510005622918e-07,-0.00094536772206151
8.4500000000001e-10,2.6371865868431e-14,2.5449553714452e-26,6.8394951379424e-07,-0.0001073013482858,0.12251226352806,-2.3347545312044e-26,-0.12185490256925,1.1291038470504e-08,1.864772518811e-14,7.8893177472928e-25,7.1448302837037e-13,-6.0725047747394e-07,-0.00096803763298095
8.4750000000001e-10,3.1674245610464e-14,2.3427727812551e-26,7.2646452508571e-07,-0.00011447422735088,0.12549706499442,2.2333310610597e-26,-0.12407395179144,1.7695349771052e-08,2.2397073860127e-14,5.6134364844989e-25,1.1976999326155e-12,-6.282557630827e-07,-0.00098836381687361
8.5000000000001e-10,2.6403348537184e-14,9.6985151011188e-26,7.7150043672309e-07,-0.0001216883174321,0.12853682435279,9.6977788620721e-26,-0.12602945912787,2.4612140208582e-08,1.8669986796675e-14,-2.7863171522856e-25,1.6626804950802e-12,-6.4788115191416e-07,-0.0010060531854783
8.5250000000001e-10,6.4213340337687e-15,1.9623959697686e-25,8.1924379423417e-07,-0.00012892387344791,0.1316319431081,1.9560340385404e-25,-0.12770284867782,3.1742365161583e-08,4.5405688395418e-15,-1.7026897941833e-24,1.981572972967e-12,-6.6587694293913e-07,-0.0010208035118821
8.5500000000001e-10,2.8547956259533e-14,3.0248893277191e-25,8.6988282017317e-07,-0.00013616024616259,0.13478297249698,3.0030094389762e-25,-0.12907582729896,3.8927214637011e-08,-2.0186453460133e-14,-3.2503245233566e-24,1.9925817537306e-12,-6.8196436818782e-07,-0.0010323045846578
8.5750000000001e-10,7.2589075100869e-14,3.81623862872e-25,9.2359807592959e-07,-0.00014337577338717,0.13799028024938,3.7689552311744e-25,-0.13013011923142,4.6280342212103e-08,-5.1328227243884e-14,-3.9625179381557e-24,1.5220542695285e-12,-6.9582275841603e-07,-0.0010402390239349
8.6000000000001e-10,1.1256620645426e-13,3.835478627843e-25,9.805585746502e-07,-0.00015054784529159,0.14125439610308,3.7506056972704e-25,-0.13084789084514,5.4229217530071e-08,-7.9596327916249e-14,-2.5973803800501e-24,4.2070335654269e-13,-7.0708135488417e-07,-0.0010442826550249
8.6250000000001e-10,1.295257440268e-13,2.5018218556302e-25,1.0409243033804e-06,-0.00015765298471539,0.14457566380557,2.3440369223834e-25,-0.13121146815963,6.3421114582928e-08,-9.1588531939586e-14,1.7761961750898e-24,-1.388008651709e-12,-7.1531775165163e-07,-0.0010441044834187
8.6500000000001e-10,1.0325203366647e-13,1.2237240241016e-25,1.1048540785243e-06,-0.00016466698487454,0.14795457724944,-1.0128150369109e-25,-0.13120376371315,7.4488672225806e-08,-7.3010213176861e-14,8.8823388718115e-24,-3.853196774013e-12,-7.2006303187298e-07,-0.0010393664524666
8.6750000000001e-10,1.9787473116876e-14,6.6083003996515e-25,1.1725160797175e-06,-0.00017156471413115,0.15139146527646,-6.6074371938627e-25,-0.13080802228542,8.7719796031927e-08,-1.399185642349e-14,1.6378407036568e-23,-6.7456838663218e-12,-7.2081175057474e-07,-0.0010297232495211
8.7000000000001e-10,1.1956402369815e-13,1.4179664408377e-24,1.2440977570764e-06,-0.00017832032206635,0.15488677360548,-1.4147160028409e-24,-0.13000820372886,1.0272207378749e-07,8.4544531942908e-14,1.96283031078e-23,-9.6246718568892e-12,-7.1703357074978e-07,-0.0010148224317945
8.7250000000001e-10,2.9057316998038e-13,2.2575425625114e-24,1.3198122434708e-06,-0.00018490722503096,0.15844082270343,-2.2435923181613e-24,-0.12878879883138,1.1819679691001e-07,2.05466258924e-13,1.2785526480525e-23,-1.1837629562236e-11,-7.08182967092e-07,-0.00099430506931662
8.7500000000001e-10,4.4346732665727e-13,2.9457015781449e-24,1.3998997322394e-06,-0.00019129818462847,0.16205400137118,-2.9133484841273e-24,-0.12713512778689,1.3192990617304e-07,3.1357875391403e-13,-8.4293215846699e-24,-1.2568128751763e-11,-6.9370407808607e-07,-0.00096780697409493
8.7750000000001e-10,5.0892393119282e-13,3.1335867946423e-24,1.4846240216815e-06,-0.00019746549890621,0.16572662406762,-3.0738347657137e-24,-0.12503325918682,1.4106295939923e-07,3.5986356285456e-13,-4.2645539526297e-23,-1.094158001514e-11,-6.7302930324132e-07,-0.00093496044208875
8.8000000000001e-10,4.1464929048657e-13,2.4011210941823e-24,1.574265979348e-06,-0.00020338100491969,0.16945901814509,-2.2956542919826e-24,-0.12247019486206,1.4263385838358e-07,2.9320132511725e-13,-7.8988998656533e-23,-6.1897945695592e-12,-6.4557214768693e-07,-0.00089539632133097
8.8250000000001e-10,1.1141339527298e-13,6.4977644148766e-25,1.6691165301842e-06,-0.00020901592985661,0.17325148959409,-1.5983618982894e-25,-0.1194339118479,1.342923846933e-07,7.8781167312539e-14,-9.6084125030871e-23,2.1375324657308e-12,-6.1071654021182e-07,-0.00084874616973626
8.8500000000001e-10,3.9671363776041e-13,3.6052314234466e-24,1.7694716798806e-06,-0.00021434110697047,0.17710430425888,3.5936147381332e-24,-0.11591341910943,1.1502390081779e-07,-2.8051890344957e-13,-6.6846800232913e-23,1.3941457354809e-11,-5.6780588241246e-07,-0.00079464429326377
8.8750000000001e-10,1.0272299905161e-12,8.8766309994965e-24,1.8756311511355e-06,-0.000219327245951,0.18101775300486,8.8677585434783e-24,-0.11189892638796,8.5680056226612e-08,-7.2636129213213e-13,2.9265463955833e-23,2.8364432186479e-11,-5.1613512869349e-07,-0.00073272954717774
8.9000000000001e-10,1.6109135947662e-12,1.5063263610955e-23,1.9879008323553e-06,-0.00022394480736797,0.18499204405986,1.4993465737921e-23,-0.1073817747047,4.9134483409179e-08,-1.1390879267648e-12,1.8816690691075e-22,4.3655957438037e-11,-4.5494825850834e-07,-0.00066264690859178
8.9250000000001e-10,1.911310519498e-12,2.074309590569e-23,2.1065979390376e-06,-0.00022816409742104,0.1890274435161,2.0555875610471e-23,-0.10235471931407,9.9568719717436e-09,-1.3515006292902e-12,3.6368785397715e-22,5.7169788834089e-11,-3.8344189361517e-07,-0.00058404894640192
8.9500000000001e-10,1.677778800096e-12,2.3714119899538e-23,2.2320570158363e-06,-0.00023195543687634,0.19312410824903,2.3346679367512e-23,-0.096811751774741,-2.6383541097343e-08,-1.1863687668789e-12,4.6187553857549e-22,6.5541812056636e-11,-3.0077404557997e-07,-0.00049659738684942
8.9750000000001e-10,7.2835955755607e-13,2.1181053143539e-23,2.3646348843515e-06,-0.00023528933610729,0.19728226833354,2.0540434375228e-23,-0.090748469058772,-5.4642688530573e-08,-5.1502798228993e-13,3.5970242999327e-22,6.5077187740575e-11,-2.0607560615882e-07,-0.00039996497677935
